{
    "centroid": [
        423445.1918694146,
        2933528.645449197
    ],
    "rotation_angle": 3.1135797741290125,
    "bottom_left_corner": [
        -364.5718923827014,
        -145.30287942176432
    ]
}